key;name;text
20231219145617;parameter;{'workDir': 'D:\\Python_Projekte\\Kurse\\', 'workDirDateien': 'D:\\Python_Projekte\\Kurse\\Dateien\\', 'workDirProtokoll': 'D:\\Python_Projekte\\Kurse\\Protokoll\\', 'file_WindowEinstellungen': 'D:\\Python_Projekte\\Kurse\\WindowEinstellungen.ui', 'file_MyKursHauptfenster': 'D:\\Python_Projekte\\Kurse\\WindowKurseHauptfenster.ui', 'file_Fondsliste': 'D:\\Python_Projekte\\Kurse\\fondsliste.txt', 'environment': 'produktion', 'url_environment': 'https://fsl-framework.factsheetslive.com/fslmanager', 'file_Einstellung': 'D:\\Python_Projekte\\Kurse\\einstellung.csv', 'key_Einstellung': '20231219145617', 'file_Protokoll': 'D:\\Python_Projekte\\Kurse\\Protokoll\\protokoll_20231219145617.txt'}
20231219145617;isin;IE00BMVB5K07
20231219152919;parameter;{'workDir': 'D:\\Python_Projekte\\Kurse\\', 'workDirDateien': 'D:\\Python_Projekte\\Kurse\\Dateien\\', 'workDirProtokoll': 'D:\\Python_Projekte\\Kurse\\Protokoll\\', 'file_WindowEinstellungen': 'D:\\Python_Projekte\\Kurse\\WindowEinstellungen.ui', 'file_MyKursHauptfenster': 'D:\\Python_Projekte\\Kurse\\WindowKurseHauptfenster.ui', 'file_Fondsliste': 'D:\\Python_Projekte\\Kurse\\fondsliste.txt', 'environment': 'produktion', 'url_environment': 'https://fsl-framework.factsheetslive.com/fslmanager', 'file_Einstellung': 'D:\\Python_Projekte\\Kurse\\einstellung.csv', 'key_Einstellung': '20231219152919', 'file_Protokoll': 'D:\\Python_Projekte\\Kurse\\Protokoll\\protokoll_20231219152919.txt'}
20231219153023;parameter;{'workDir': 'D:\\Python_Projekte\\Kurse\\', 'workDirDateien': 'D:\\Python_Projekte\\Kurse\\Dateien\\', 'workDirProtokoll': 'D:\\Python_Projekte\\Kurse\\Protokoll\\', 'file_WindowEinstellungen': 'D:\\Python_Projekte\\Kurse\\WindowEinstellungen.ui', 'file_MyKursHauptfenster': 'D:\\Python_Projekte\\Kurse\\WindowKurseHauptfenster.ui', 'file_Fondsliste': 'D:\\Python_Projekte\\Kurse\\fondsliste.txt', 'environment': 'produktion', 'url_environment': 'https://fsl-framework.factsheetslive.com/fslmanager', 'file_Einstellung': 'D:\\Python_Projekte\\Kurse\\einstellung.csv', 'key_Einstellung': '20231219153023', 'file_Protokoll': 'D:\\Python_Projekte\\Kurse\\Protokoll\\protokoll_20231219153023.txt'}
20231219153214;parameter;{'workDir': 'D:\\Python_Projekte\\Kurse\\', 'workDirDateien': 'D:\\Python_Projekte\\Kurse\\Dateien\\', 'workDirProtokoll': 'D:\\Python_Projekte\\Kurse\\Protokoll\\', 'file_WindowEinstellungen': 'D:\\Python_Projekte\\Kurse\\WindowEinstellungen.ui', 'file_MyKursHauptfenster': 'D:\\Python_Projekte\\Kurse\\WindowKurseHauptfenster.ui', 'file_Fondsliste': 'D:\\Python_Projekte\\Kurse\\fondsliste.txt', 'environment': 'produktion', 'url_environment': 'https://fsl-framework.factsheetslive.com/fslmanager', 'file_Einstellung': 'D:\\Python_Projekte\\Kurse\\einstellung.csv', 'key_Einstellung': '20231219153214', 'file_Protokoll': 'D:\\Python_Projekte\\Kurse\\Protokoll\\protokoll_20231219153214.txt'}
20231219154424;parameter;{'workDir': 'D:\\Python_Projekte\\Kurse\\', 'workDirDateien': 'D:\\Python_Projekte\\Kurse\\Dateien\\', 'workDirProtokoll': 'D:\\Python_Projekte\\Kurse\\Protokoll\\', 'file_WindowEinstellungen': 'D:\\Python_Projekte\\Kurse\\WindowEinstellungen.ui', 'file_MyKursHauptfenster': 'D:\\Python_Projekte\\Kurse\\WindowKurseHauptfenster.ui', 'file_Fondsliste': 'D:\\Python_Projekte\\Kurse\\fondsliste.txt', 'environment': 'produktion', 'url_environment': 'https://fsl-framework.factsheetslive.com/fslmanager', 'file_Einstellung': 'D:\\Python_Projekte\\Kurse\\einstellung.csv', 'key_Einstellung': '20231219154424', 'file_Protokoll': 'D:\\Python_Projekte\\Kurse\\Protokoll\\protokoll_20231219154424.txt'}
20231219154709;parameter;{'workDir': 'D:\\Python_Projekte\\Kurse\\', 'workDirDateien': 'D:\\Python_Projekte\\Kurse\\Dateien\\', 'workDirProtokoll': 'D:\\Python_Projekte\\Kurse\\Protokoll\\', 'file_WindowEinstellungen': 'D:\\Python_Projekte\\Kurse\\WindowEinstellungen.ui', 'file_MyKursHauptfenster': 'D:\\Python_Projekte\\Kurse\\WindowKurseHauptfenster.ui', 'file_Fondsliste': 'D:\\Python_Projekte\\Kurse\\fondsliste.txt', 'environment': 'produktion', 'url_environment': 'https://fsl-framework.factsheetslive.com/fslmanager', 'file_Einstellung': 'D:\\Python_Projekte\\Kurse\\einstellung.csv', 'key_Einstellung': '20231219154709', 'file_Protokoll': 'D:\\Python_Projekte\\Kurse\\Protokoll\\protokoll_20231219154709.txt'}
20231219154801;parameter;{'workDir': 'D:\\Python_Projekte\\Kurse\\', 'workDirDateien': 'D:\\Python_Projekte\\Kurse\\Dateien\\', 'workDirProtokoll': 'D:\\Python_Projekte\\Kurse\\Protokoll\\', 'file_WindowEinstellungen': 'D:\\Python_Projekte\\Kurse\\WindowEinstellungen.ui', 'file_MyKursHauptfenster': 'D:\\Python_Projekte\\Kurse\\WindowKurseHauptfenster.ui', 'file_Fondsliste': 'D:\\Python_Projekte\\Kurse\\fondsliste.txt', 'environment': 'produktion', 'url_environment': 'https://fsl-framework.factsheetslive.com/fslmanager', 'file_Einstellung': 'D:\\Python_Projekte\\Kurse\\einstellung.csv', 'key_Einstellung': '20231219154801', 'file_Protokoll': 'D:\\Python_Projekte\\Kurse\\Protokoll\\protokoll_20231219154801.txt'}
20231219155027;parameter;{'workDir': 'D:\\Python_Projekte\\Kurse\\', 'workDirDateien': 'D:\\Python_Projekte\\Kurse\\Dateien\\', 'workDirProtokoll': 'D:\\Python_Projekte\\Kurse\\Protokoll\\', 'file_WindowEinstellungen': 'D:\\Python_Projekte\\Kurse\\WindowEinstellungen.ui', 'file_MyKursHauptfenster': 'D:\\Python_Projekte\\Kurse\\WindowKurseHauptfenster.ui', 'file_Fondsliste': 'D:\\Python_Projekte\\Kurse\\fondsliste.txt', 'environment': 'produktion', 'url_environment': 'https://fsl-framework.factsheetslive.com/fslmanager', 'file_Einstellung': 'D:\\Python_Projekte\\Kurse\\einstellung.csv', 'key_Einstellung': '20231219155027', 'file_Protokoll': 'D:\\Python_Projekte\\Kurse\\Protokoll\\protokoll_20231219155027.txt'}
20231220073154;parameter;{'workDir': 'D:\\Python_Projekte\\Kurse\\', 'workDirDateien': 'D:\\Python_Projekte\\Kurse\\Dateien\\', 'workDirProtokoll': 'D:\\Python_Projekte\\Kurse\\Protokoll\\', 'file_WindowEinstellungen': 'D:\\Python_Projekte\\Kurse\\WindowEinstellungen.ui', 'file_MyKursHauptfenster': 'D:\\Python_Projekte\\Kurse\\WindowKurseHauptfenster.ui', 'file_Fondsliste': 'D:\\Python_Projekte\\Kurse\\fondsliste.txt', 'environment': 'produktion', 'url_environment': 'https://fsl-framework.factsheetslive.com/fslmanager', 'file_Einstellung': 'D:\\Python_Projekte\\Kurse\\einstellung.csv', 'key_Einstellung': '20231220073154', 'file_Protokoll': 'D:\\Python_Projekte\\Kurse\\Protokoll\\protokoll_20231220073154.txt'}
20231220073543;parameter;{'workDir': 'D:\\Python_Projekte\\Kurse\\', 'workDirDateien': 'D:\\Python_Projekte\\Kurse\\Dateien\\', 'workDirProtokoll': 'D:\\Python_Projekte\\Kurse\\Protokoll\\', 'file_WindowEinstellungen': 'D:\\Python_Projekte\\Kurse\\WindowEinstellungen.ui', 'file_MyKursHauptfenster': 'D:\\Python_Projekte\\Kurse\\WindowKurseHauptfenster.ui', 'file_Fondsliste': 'D:\\Python_Projekte\\Kurse\\fondsliste.txt', 'environment': 'produktion', 'url_environment': 'https://fsl-framework.factsheetslive.com/fslmanager', 'file_Einstellung': 'D:\\Python_Projekte\\Kurse\\einstellung.csv', 'key_Einstellung': '20231220073543', 'file_Protokoll': 'D:\\Python_Projekte\\Kurse\\Protokoll\\protokoll_20231220073543.txt'}
20231220074939;parameter;{'workDir': 'D:\\Python_Projekte\\Kurse\\', 'workDirDateien': 'D:\\Python_Projekte\\Kurse\\Dateien\\', 'workDirProtokoll': 'D:\\Python_Projekte\\Kurse\\Protokoll\\', 'file_WindowEinstellungen': 'D:\\Python_Projekte\\Kurse\\WindowEinstellungen.ui', 'file_MyKursHauptfenster': 'D:\\Python_Projekte\\Kurse\\WindowKurseHauptfenster.ui', 'file_Fondsliste': 'D:\\Python_Projekte\\Kurse\\fondsliste.txt', 'environment': 'produktion', 'url_environment': 'https://fsl-framework.factsheetslive.com/fslmanager', 'file_Einstellung': 'D:\\Python_Projekte\\Kurse\\einstellung.csv', 'key_Einstellung': '20231220074939', 'file_Protokoll': 'D:\\Python_Projekte\\Kurse\\Protokoll\\protokoll_20231220074939.txt'}
20231220075015;parameter;{'workDir': 'D:\\Python_Projekte\\Kurse\\', 'workDirDateien': 'D:\\Python_Projekte\\Kurse\\Dateien\\', 'workDirProtokoll': 'D:\\Python_Projekte\\Kurse\\Protokoll\\', 'file_WindowEinstellungen': 'D:\\Python_Projekte\\Kurse\\WindowEinstellungen.ui', 'file_MyKursHauptfenster': 'D:\\Python_Projekte\\Kurse\\WindowKurseHauptfenster.ui', 'file_Fondsliste': 'D:\\Python_Projekte\\Kurse\\fondsliste.txt', 'environment': 'produktion', 'url_environment': 'https://fsl-framework.factsheetslive.com/fslmanager', 'file_Einstellung': 'D:\\Python_Projekte\\Kurse\\einstellung.csv', 'key_Einstellung': '20231220075015', 'file_Protokoll': 'D:\\Python_Projekte\\Kurse\\Protokoll\\protokoll_20231220075015.txt'}
20231220082456;parameter;{'workDir': 'D:\\Python_Projekte\\Kurse\\', 'workDirDateien': 'D:\\Python_Projekte\\Kurse\\Dateien\\', 'workDirProtokoll': 'D:\\Python_Projekte\\Kurse\\Protokoll\\', 'file_WindowEinstellungen': 'D:\\Python_Projekte\\Kurse\\WindowEinstellungen.ui', 'file_MyKursHauptfenster': 'D:\\Python_Projekte\\Kurse\\WindowKurseHauptfenster.ui', 'file_Fondsliste': 'D:\\Python_Projekte\\Kurse\\fondsliste.txt', 'environment': 'produktion', 'url_environment': 'https://fsl-framework.factsheetslive.com/fslmanager', 'file_Einstellung': 'D:\\Python_Projekte\\Kurse\\einstellung.csv', 'key_Einstellung': '20231220082456', 'file_Protokoll': 'D:\\Python_Projekte\\Kurse\\Protokoll\\protokoll_20231220082456.txt'}
20231220082756;parameter;{'workDir': 'D:\\Python_Projekte\\Kurse\\', 'workDirDateien': 'D:\\Python_Projekte\\Kurse\\Dateien\\', 'workDirProtokoll': 'D:\\Python_Projekte\\Kurse\\Protokoll\\', 'file_WindowEinstellungen': 'D:\\Python_Projekte\\Kurse\\WindowEinstellungen.ui', 'file_MyKursHauptfenster': 'D:\\Python_Projekte\\Kurse\\WindowKurseHauptfenster.ui', 'file_Fondsliste': 'D:\\Python_Projekte\\Kurse\\fondsliste.txt', 'environment': 'produktion', 'url_environment': 'https://fsl-framework.factsheetslive.com/fslmanager', 'file_Einstellung': 'D:\\Python_Projekte\\Kurse\\einstellung.csv', 'key_Einstellung': '20231220082756', 'file_Protokoll': 'D:\\Python_Projekte\\Kurse\\Protokoll\\protokoll_20231220082756.txt'}
20231220090526;parameter;{'workDir': 'D:\\Python_Projekte\\Kurse\\', 'workDirDateien': 'D:\\Python_Projekte\\Kurse\\Dateien\\', 'workDirProtokoll': 'D:\\Python_Projekte\\Kurse\\Protokoll\\', 'file_WindowEinstellungen': 'D:\\Python_Projekte\\Kurse\\WindowEinstellungen.ui', 'file_MyKursHauptfenster': 'D:\\Python_Projekte\\Kurse\\WindowKurseHauptfenster.ui', 'environment': 'produktion', 'url_environment': 'https://fsl-framework.factsheetslive.com/fslmanager', 'file_Einstellung': 'D:\\Python_Projekte\\Kurse\\einstellung.csv', 'key_Einstellung': '20231220090526', 'file_Protokoll': 'D:\\Python_Projekte\\Kurse\\Protokoll\\protokoll_20231220090526.txt'}
20231220090617;parameter;{'workDir': 'D:\\Python_Projekte\\Kurse\\', 'workDirDateien': 'D:\\Python_Projekte\\Kurse\\Dateien\\', 'workDirProtokoll': 'D:\\Python_Projekte\\Kurse\\Protokoll\\', 'file_WindowEinstellungen': 'D:\\Python_Projekte\\Kurse\\WindowEinstellungen.ui', 'file_MyKursHauptfenster': 'D:\\Python_Projekte\\Kurse\\WindowKurseHauptfenster.ui', 'environment': 'produktion', 'url_environment': 'https://fsl-framework.factsheetslive.com/fslmanager', 'file_Einstellung': 'D:\\Python_Projekte\\Kurse\\einstellung.csv', 'key_Einstellung': '20231220090617', 'file_Protokoll': 'D:\\Python_Projekte\\Kurse\\Protokoll\\protokoll_20231220090617.txt'}
20231220090629;parameter;{'workDir': 'D:\\Python_Projekte\\Kurse\\', 'workDirDateien': 'D:\\Python_Projekte\\Kurse\\Dateien\\', 'workDirProtokoll': 'D:\\Python_Projekte\\Kurse\\Protokoll\\', 'file_WindowEinstellungen': 'D:\\Python_Projekte\\Kurse\\WindowEinstellungen.ui', 'file_MyKursHauptfenster': 'D:\\Python_Projekte\\Kurse\\WindowKurseHauptfenster.ui', 'environment': 'produktion', 'url_environment': 'https://fsl-framework.factsheetslive.com/fslmanager', 'file_Einstellung': 'D:\\Python_Projekte\\Kurse\\einstellung.csv', 'key_Einstellung': '20231220090629', 'file_Protokoll': 'D:\\Python_Projekte\\Kurse\\Protokoll\\protokoll_20231220090629.txt'}
20231220090647;parameter;{'workDir': 'D:\\Python_Projekte\\Kurse\\', 'workDirDateien': 'D:\\Python_Projekte\\Kurse\\Dateien\\', 'workDirProtokoll': 'D:\\Python_Projekte\\Kurse\\Protokoll\\', 'file_WindowEinstellungen': 'D:\\Python_Projekte\\Kurse\\WindowEinstellungen.ui', 'file_MyKursHauptfenster': 'D:\\Python_Projekte\\Kurse\\WindowKurseHauptfenster.ui', 'environment': 'produktion', 'url_environment': 'https://fsl-framework.factsheetslive.com/fslmanager', 'file_Einstellung': 'D:\\Python_Projekte\\Kurse\\einstellung.csv', 'key_Einstellung': '20231220090647', 'file_Protokoll': 'D:\\Python_Projekte\\Kurse\\Protokoll\\protokoll_20231220090647.txt'}
20231220103406;parameter;{'workDir': 'D:\\Python_Projekte\\Kurse\\', 'workDirDateien': 'D:\\Python_Projekte\\Kurse\\Dateien\\', 'workDirProtokoll': 'D:\\Python_Projekte\\Kurse\\Protokoll\\', 'file_WindowEinstellungen': 'D:\\Python_Projekte\\Kurse\\WindowEinstellungen.ui', 'file_MyKursHauptfenster': 'D:\\Python_Projekte\\Kurse\\WindowKurseHauptfenster.ui', 'environment': 'produktion', 'url_environment': 'https://fsl-framework.factsheetslive.com/fslmanager', 'file_Einstellung': 'D:\\Python_Projekte\\Kurse\\einstellung.csv', 'key_Einstellung': '20231220103406', 'file_Protokoll': 'D:\\Python_Projekte\\Kurse\\Protokoll\\protokoll_20231220103406.txt'}
20231220103533;parameter;{'workDir': 'D:\\Python_Projekte\\Kurse\\', 'workDirDateien': 'D:\\Python_Projekte\\Kurse\\Dateien\\', 'workDirProtokoll': 'D:\\Python_Projekte\\Kurse\\Protokoll\\', 'file_WindowEinstellungen': 'D:\\Python_Projekte\\Kurse\\WindowEinstellungen.ui', 'file_MyKursHauptfenster': 'D:\\Python_Projekte\\Kurse\\WindowKurseHauptfenster.ui', 'environment': 'produktion', 'url_environment': 'https://fsl-framework.factsheetslive.com/fslmanager', 'file_Einstellung': 'D:\\Python_Projekte\\Kurse\\einstellung.csv', 'key_Einstellung': '20231220103533', 'file_Protokoll': 'D:\\Python_Projekte\\Kurse\\Protokoll\\protokoll_20231220103533.txt'}
20231220103549;parameter;{'workDir': 'D:\\Python_Projekte\\Kurse\\', 'workDirDateien': 'D:\\Python_Projekte\\Kurse\\Dateien\\', 'workDirProtokoll': 'D:\\Python_Projekte\\Kurse\\Protokoll\\', 'file_WindowEinstellungen': 'D:\\Python_Projekte\\Kurse\\WindowEinstellungen.ui', 'file_MyKursHauptfenster': 'D:\\Python_Projekte\\Kurse\\WindowKurseHauptfenster.ui', 'environment': 'produktion', 'url_environment': 'https://fsl-framework.factsheetslive.com/fslmanager', 'file_Einstellung': 'D:\\Python_Projekte\\Kurse\\einstellung.csv', 'key_Einstellung': '20231220103549', 'file_Protokoll': 'D:\\Python_Projekte\\Kurse\\Protokoll\\protokoll_20231220103549.txt'}
20231220103636;parameter;{'workDir': 'D:\\Python_Projekte\\Kurse\\', 'workDirDateien': 'D:\\Python_Projekte\\Kurse\\Dateien\\', 'workDirProtokoll': 'D:\\Python_Projekte\\Kurse\\Protokoll\\', 'file_WindowEinstellungen': 'D:\\Python_Projekte\\Kurse\\WindowEinstellungen.ui', 'file_MyKursHauptfenster': 'D:\\Python_Projekte\\Kurse\\WindowKurseHauptfenster.ui', 'environment': 'produktion', 'url_environment': 'https://fsl-framework.factsheetslive.com/fslmanager', 'file_Einstellung': 'D:\\Python_Projekte\\Kurse\\einstellung.csv', 'key_Einstellung': '20231220103636', 'file_Protokoll': 'D:\\Python_Projekte\\Kurse\\Protokoll\\protokoll_20231220103636.txt'}
20231220103758;parameter;{'workDir': 'D:\\Python_Projekte\\Kurse\\', 'workDirDateien': 'D:\\Python_Projekte\\Kurse\\Dateien\\', 'workDirProtokoll': 'D:\\Python_Projekte\\Kurse\\Protokoll\\', 'file_WindowEinstellungen': 'D:\\Python_Projekte\\Kurse\\WindowEinstellungen.ui', 'file_MyKursHauptfenster': 'D:\\Python_Projekte\\Kurse\\WindowKurseHauptfenster.ui', 'environment': 'produktion', 'url_environment': 'https://fsl-framework.factsheetslive.com/fslmanager', 'file_Einstellung': 'D:\\Python_Projekte\\Kurse\\einstellung.csv', 'key_Einstellung': '20231220103758', 'file_Protokoll': 'D:\\Python_Projekte\\Kurse\\Protokoll\\protokoll_20231220103758.txt'}
20231220105521;parameter;{'workDir': 'D:\\Python_Projekte\\Kurse\\', 'workDirDateien': 'D:\\Python_Projekte\\Kurse\\Dateien\\', 'workDirProtokoll': 'D:\\Python_Projekte\\Kurse\\Protokoll\\', 'file_WindowEinstellungen': 'D:\\Python_Projekte\\Kurse\\WindowEinstellungen.ui', 'file_MyKursHauptfenster': 'D:\\Python_Projekte\\Kurse\\WindowKurseHauptfenster.ui', 'environment': 'produktion', 'url_environment': 'https://fsl-framework.factsheetslive.com/fslmanager', 'file_Einstellung': 'D:\\Python_Projekte\\Kurse\\einstellung.csv', 'key_Einstellung': '20231220105521', 'file_Protokoll': 'D:\\Python_Projekte\\Kurse\\Protokoll\\protokoll_20231220105521.txt'}
20231220105704;parameter;{'workDir': 'D:\\Python_Projekte\\Kurse\\', 'workDirDateien': 'D:\\Python_Projekte\\Kurse\\Dateien\\', 'workDirProtokoll': 'D:\\Python_Projekte\\Kurse\\Protokoll\\', 'file_WindowEinstellungen': 'D:\\Python_Projekte\\Kurse\\WindowEinstellungen.ui', 'file_MyKursHauptfenster': 'D:\\Python_Projekte\\Kurse\\WindowKurseHauptfenster.ui', 'environment': 'produktion', 'url_environment': 'https://fsl-framework.factsheetslive.com/fslmanager', 'file_Einstellung': 'D:\\Python_Projekte\\Kurse\\einstellung.csv', 'key_Einstellung': '20231220105704', 'file_Protokoll': 'D:\\Python_Projekte\\Kurse\\Protokoll\\protokoll_20231220105704.txt'}
20231220110136;parameter;{'workDir': 'D:\\Python_Projekte\\Kurse\\', 'workDirDateien': 'D:\\Python_Projekte\\Kurse\\Dateien\\', 'workDirProtokoll': 'D:\\Python_Projekte\\Kurse\\Protokoll\\', 'file_WindowEinstellungen': 'D:\\Python_Projekte\\Kurse\\WindowEinstellungen.ui', 'file_MyKursHauptfenster': 'D:\\Python_Projekte\\Kurse\\WindowKurseHauptfenster.ui', 'environment': 'produktion', 'url_environment': 'https://fsl-framework.factsheetslive.com/fslmanager', 'file_Einstellung': 'D:\\Python_Projekte\\Kurse\\einstellung.csv', 'key_Einstellung': '20231220110136', 'file_Protokoll': 'D:\\Python_Projekte\\Kurse\\Protokoll\\protokoll_20231220110136.txt'}
20231220112340;parameter;{'workDir': 'D:\\Python_Projekte\\Kurse\\', 'workDirDateien': 'D:\\Python_Projekte\\Kurse\\Dateien\\', 'workDirProtokoll': 'D:\\Python_Projekte\\Kurse\\Protokoll\\', 'file_WindowEinstellungen': 'D:\\Python_Projekte\\Kurse\\WindowEinstellungen.ui', 'file_MyKursHauptfenster': 'D:\\Python_Projekte\\Kurse\\WindowKurseHauptfenster.ui', 'environment': 'produktion', 'url_environment': 'https://fsl-framework.factsheetslive.com/fslmanager', 'file_Einstellung': 'D:\\Python_Projekte\\Kurse\\einstellung.csv', 'key_Einstellung': '20231220112340', 'file_Protokoll': 'D:\\Python_Projekte\\Kurse\\Protokoll\\protokoll_20231220112340.txt'}
20231220112922;parameter;{'workDir': 'D:\\Python_Projekte\\Kurse\\', 'workDirDateien': 'D:\\Python_Projekte\\Kurse\\Dateien\\', 'workDirProtokoll': 'D:\\Python_Projekte\\Kurse\\Protokoll\\', 'file_WindowEinstellungen': 'D:\\Python_Projekte\\Kurse\\WindowEinstellungen.ui', 'file_MyKursHauptfenster': 'D:\\Python_Projekte\\Kurse\\WindowKurseHauptfenster.ui', 'environment': 'produktion', 'url_environment': 'https://fsl-framework.factsheetslive.com/fslmanager', 'file_Einstellung': 'D:\\Python_Projekte\\Kurse\\einstellung.csv', 'key_Einstellung': '20231220112922', 'file_Protokoll': 'D:\\Python_Projekte\\Kurse\\Protokoll\\protokoll_20231220112922.txt'}
20231220113023;parameter;{'workDir': 'D:\\Python_Projekte\\Kurse\\', 'workDirDateien': 'D:\\Python_Projekte\\Kurse\\Dateien\\', 'workDirProtokoll': 'D:\\Python_Projekte\\Kurse\\Protokoll\\', 'file_WindowEinstellungen': 'D:\\Python_Projekte\\Kurse\\WindowEinstellungen.ui', 'file_MyKursHauptfenster': 'D:\\Python_Projekte\\Kurse\\WindowKurseHauptfenster.ui', 'environment': 'produktion', 'url_environment': 'https://fsl-framework.factsheetslive.com/fslmanager', 'file_Einstellung': 'D:\\Python_Projekte\\Kurse\\einstellung.csv', 'key_Einstellung': '20231220113023', 'file_Protokoll': 'D:\\Python_Projekte\\Kurse\\Protokoll\\protokoll_20231220113023.txt'}
20231220113819;parameter;{'workDir': 'D:\\Python_Projekte\\Kurse\\', 'workDirDateien': 'D:\\Python_Projekte\\Kurse\\Dateien\\', 'workDirProtokoll': 'D:\\Python_Projekte\\Kurse\\Protokoll\\', 'file_WindowEinstellungen': 'D:\\Python_Projekte\\Kurse\\WindowEinstellungen.ui', 'file_MyKursHauptfenster': 'D:\\Python_Projekte\\Kurse\\WindowKurseHauptfenster.ui', 'environment': 'produktion', 'url_environment': 'https://fsl-framework.factsheetslive.com/fslmanager', 'file_Einstellung': 'D:\\Python_Projekte\\Kurse\\einstellung.csv', 'key_Einstellung': '20231220113819', 'file_Protokoll': 'D:\\Python_Projekte\\Kurse\\Protokoll\\protokoll_20231220113819.txt'}
20231220114219;parameter;{'workDir': 'D:\\Python_Projekte\\Kurse\\', 'workDirDateien': 'D:\\Python_Projekte\\Kurse\\Dateien\\', 'workDirProtokoll': 'D:\\Python_Projekte\\Kurse\\Protokoll\\', 'file_WindowEinstellungen': 'D:\\Python_Projekte\\Kurse\\WindowEinstellungen.ui', 'file_MyKursHauptfenster': 'D:\\Python_Projekte\\Kurse\\WindowKurseHauptfenster.ui', 'environment': 'produktion', 'url_environment': 'https://fsl-framework.factsheetslive.com/fslmanager', 'file_Einstellung': 'D:\\Python_Projekte\\Kurse\\einstellung.csv', 'key_Einstellung': '20231220114219', 'file_Protokoll': 'D:\\Python_Projekte\\Kurse\\Protokoll\\protokoll_20231220114219.txt'}
20231220114537;parameter;{'workDir': 'D:\\Python_Projekte\\Kurse\\', 'workDirDateien': 'D:\\Python_Projekte\\Kurse\\Dateien\\', 'workDirProtokoll': 'D:\\Python_Projekte\\Kurse\\Protokoll\\', 'file_WindowEinstellungen': 'D:\\Python_Projekte\\Kurse\\WindowEinstellungen.ui', 'file_MyKursHauptfenster': 'D:\\Python_Projekte\\Kurse\\WindowKurseHauptfenster.ui', 'environment': 'produktion', 'url_environment': 'https://fsl-framework.factsheetslive.com/fslmanager', 'file_Einstellung': 'D:\\Python_Projekte\\Kurse\\einstellung.csv', 'key_Einstellung': '20231220114537', 'file_Protokoll': 'D:\\Python_Projekte\\Kurse\\Protokoll\\protokoll_20231220114537.txt'}
20231220114711;parameter;{'workDir': 'D:\\Python_Projekte\\Kurse\\', 'workDirDateien': 'D:\\Python_Projekte\\Kurse\\Dateien\\', 'workDirProtokoll': 'D:\\Python_Projekte\\Kurse\\Protokoll\\', 'file_WindowEinstellungen': 'D:\\Python_Projekte\\Kurse\\WindowEinstellungen.ui', 'file_MyKursHauptfenster': 'D:\\Python_Projekte\\Kurse\\WindowKurseHauptfenster.ui', 'environment': 'produktion', 'url_environment': 'https://fsl-framework.factsheetslive.com/fslmanager', 'file_Einstellung': 'D:\\Python_Projekte\\Kurse\\einstellung.csv', 'key_Einstellung': '20231220114711', 'file_Protokoll': 'D:\\Python_Projekte\\Kurse\\Protokoll\\protokoll_20231220114711.txt'}
20231220123444;parameter;{'workDir': 'D:\\Python_Projekte\\Kurse\\', 'workDirDateien': 'D:\\Python_Projekte\\Kurse\\Dateien\\', 'workDirProtokoll': 'D:\\Python_Projekte\\Kurse\\Protokoll\\', 'file_WindowEinstellungen': 'D:\\Python_Projekte\\Kurse\\WindowEinstellungen.ui', 'file_MyKursHauptfenster': 'D:\\Python_Projekte\\Kurse\\WindowKurseHauptfenster.ui', 'environment': 'produktion', 'url_environment': 'https://fsl-framework.factsheetslive.com/fslmanager', 'file_Einstellung': 'D:\\Python_Projekte\\Kurse\\einstellung.csv', 'key_Einstellung': '20231220123444', 'file_Protokoll': 'D:\\Python_Projekte\\Kurse\\Protokoll\\protokoll_20231220123444.txt'}
20231220123705;parameter;{'workDir': 'D:\\Python_Projekte\\Kurse\\', 'workDirDateien': 'D:\\Python_Projekte\\Kurse\\Dateien\\', 'workDirProtokoll': 'D:\\Python_Projekte\\Kurse\\Protokoll\\', 'file_WindowEinstellungen': 'D:\\Python_Projekte\\Kurse\\WindowEinstellungen.ui', 'file_MyKursHauptfenster': 'D:\\Python_Projekte\\Kurse\\WindowKurseHauptfenster.ui', 'environment': 'produktion', 'url_environment': 'https://fsl-framework.factsheetslive.com/fslmanager', 'file_Einstellung': 'D:\\Python_Projekte\\Kurse\\einstellung.csv', 'key_Einstellung': '20231220123705', 'file_Protokoll': 'D:\\Python_Projekte\\Kurse\\Protokoll\\protokoll_20231220123705.txt'}
20231220123811;parameter;{'workDir': 'D:\\Python_Projekte\\Kurse\\', 'workDirDateien': 'D:\\Python_Projekte\\Kurse\\Dateien\\', 'workDirProtokoll': 'D:\\Python_Projekte\\Kurse\\Protokoll\\', 'file_WindowEinstellungen': 'D:\\Python_Projekte\\Kurse\\WindowEinstellungen.ui', 'file_MyKursHauptfenster': 'D:\\Python_Projekte\\Kurse\\WindowKurseHauptfenster.ui', 'environment': 'produktion', 'url_environment': 'https://fsl-framework.factsheetslive.com/fslmanager', 'file_Einstellung': 'D:\\Python_Projekte\\Kurse\\einstellung.csv', 'key_Einstellung': '20231220123811', 'file_Protokoll': 'D:\\Python_Projekte\\Kurse\\Protokoll\\protokoll_20231220123811.txt'}
20231220124148;parameter;{'workDir': 'D:\\Python_Projekte\\Kurse\\', 'workDirDateien': 'D:\\Python_Projekte\\Kurse\\Dateien\\', 'workDirProtokoll': 'D:\\Python_Projekte\\Kurse\\Protokoll\\', 'file_WindowEinstellungen': 'D:\\Python_Projekte\\Kurse\\WindowEinstellungen.ui', 'file_MyKursHauptfenster': 'D:\\Python_Projekte\\Kurse\\WindowKurseHauptfenster.ui', 'environment': 'produktion', 'url_environment': 'https://fsl-framework.factsheetslive.com/fslmanager', 'file_Einstellung': 'D:\\Python_Projekte\\Kurse\\einstellung.csv', 'key_Einstellung': '20231220124148', 'file_Protokoll': 'D:\\Python_Projekte\\Kurse\\Protokoll\\protokoll_20231220124148.txt'}
20231220124230;parameter;{'workDir': 'D:\\Python_Projekte\\Kurse\\', 'workDirDateien': 'D:\\Python_Projekte\\Kurse\\Dateien\\', 'workDirProtokoll': 'D:\\Python_Projekte\\Kurse\\Protokoll\\', 'file_WindowEinstellungen': 'D:\\Python_Projekte\\Kurse\\WindowEinstellungen.ui', 'file_MyKursHauptfenster': 'D:\\Python_Projekte\\Kurse\\WindowKurseHauptfenster.ui', 'environment': 'produktion', 'url_environment': 'https://fsl-framework.factsheetslive.com/fslmanager', 'file_Einstellung': 'D:\\Python_Projekte\\Kurse\\einstellung.csv', 'key_Einstellung': '20231220124230', 'file_Protokoll': 'D:\\Python_Projekte\\Kurse\\Protokoll\\protokoll_20231220124230.txt'}
20231220124508;parameter;{'workDir': 'D:\\Python_Projekte\\Kurse\\', 'workDirDateien': 'D:\\Python_Projekte\\Kurse\\Dateien\\', 'workDirProtokoll': 'D:\\Python_Projekte\\Kurse\\Protokoll\\', 'file_WindowEinstellungen': 'D:\\Python_Projekte\\Kurse\\WindowEinstellungen.ui', 'file_MyKursHauptfenster': 'D:\\Python_Projekte\\Kurse\\WindowKurseHauptfenster.ui', 'environment': 'produktion', 'url_environment': 'https://fsl-framework.factsheetslive.com/fslmanager', 'file_Einstellung': 'D:\\Python_Projekte\\Kurse\\einstellung.csv', 'key_Einstellung': '20231220124508', 'file_Protokoll': 'D:\\Python_Projekte\\Kurse\\Protokoll\\protokoll_20231220124508.txt'}
20231220143915;parameter;{'workDir': 'D:\\Python_Projekte\\Kurse\\', 'workDirDateien': 'D:\\Python_Projekte\\Kurse\\Dateien\\', 'workDirProtokoll': 'D:\\Python_Projekte\\Kurse\\Protokoll\\', 'file_WindowEinstellungen': 'D:\\Python_Projekte\\Kurse\\WindowEinstellungen.ui', 'file_MyKursHauptfenster': 'D:\\Python_Projekte\\Kurse\\WindowKurseHauptfenster.ui', 'environment': 'produktion', 'url_environment': 'https://fsl-framework.factsheetslive.com/fslmanager', 'file_Einstellung': 'D:\\Python_Projekte\\Kurse\\einstellung.csv', 'key_Einstellung': '20231220143915', 'file_Protokoll': 'D:\\Python_Projekte\\Kurse\\Protokoll\\protokoll_20231220143915.txt'}
20231220152946;nummer;20231220152946
20231220152946;isin;DE000A2N8127
20231220152946;environment;produktion
20231220152946;url_environment;https://fsl-framework.factsheetslive.com/fslmanager
20231220153836;nummer;20231220153836
20231220153836;isin;DE0008474024
20231220153836;environment;produktion
20231220153836;url_environment;https://fsl-framework.factsheetslive.com/fslmanager
20231220153836;file_Fondsliste;D:/Python_Projekte/Kurse/Dateien/fondsliste_20231220114221.txt
20231220160435;nummer;20231220160435
20231220160435;isin;LU2716752592
20231220160435;environment;produktion
20231220160435;url_environment;https://fsl-framework.factsheetslive.com/fslmanager
20231220160435;file_Fondsliste;D:/Python_Projekte/Kurse/Dateien/fondsliste_20231220114221.txt
20231220160506;nummer;20231220160506
20231220160506;isin;LU2278487157
20231220160506;environment;produktion
20231220160506;url_environment;https://fsl-framework.factsheetslive.com/fslmanager
20231220160506;file_Fondsliste;D:/Python_Projekte/Kurse/Dateien/fondsliste_20231220114221.txt
20231220160631;nummer;20231220160631
20231220160631;isin;LU0061928585
20231220160631;environment;produktion
20231220160631;url_environment;https://fsl-framework.factsheetslive.com/fslmanager
20231220160631;file_Fondsliste;D:/Python_Projekte/Kurse/Dateien/fondsliste_20231220114221.txt
20231220160834;nummer;20231220160834
20231220160834;isin;LU1675428244
20231220160834;environment;produktion
20231220160834;url_environment;https://fsl-framework.factsheetslive.com/fslmanager
20231220160834;file_Fondsliste;D:/Python_Projekte/Kurse/Dateien/fondsliste_20231220114221.txt
20231220161040;nummer;20231220161040
20231220161040;isin;LU0367087946
20231220161040;environment;produktion
20231220161040;url_environment;https://fsl-framework.factsheetslive.com/fslmanager
20231220161040;file_Fondsliste;D:/Python_Projekte/Kurse/Dateien/fondsliste_20231220114221.txt
20231220162309;nummer;20231220162309
20231220162309;isin;LU1191063038
20231220162309;environment;produktion
20231220162309;url_environment;https://fsl-framework.factsheetslive.com/fslmanager
20231220162309;file_Fondsliste;D:/Python_Projekte/Kurse/Dateien/fondsliste_20231220114221.txt
20231220165423;nummer;20231220165423
20231220165423;isin;LU1062843344
20231220165423;environment;produktion
20231220165423;url_environment;https://fsl-framework.factsheetslive.com/fslmanager
20231220165423;file_Fondsliste;D:/Python_Projekte/Kurse/Dateien/fondsliste_20231220114540.txt
20231220165949;nummer;20231220165949
20231220165949;isin;LU1883318740
20231220165949;environment;produktion
20231220165949;url_environment;https://fsl-framework.factsheetslive.com/fslmanager
20231220165949;file_Fondsliste;D:/Python_Projekte/Kurse/Dateien/fondsliste_20231220114221.txt
20231220170339;nummer;20231220170339
20231220170339;isin;LU1883320480
20231220170339;environment;produktion
20231220170339;url_environment;https://fsl-framework.factsheetslive.com/fslmanager
20231220170339;file_Fondsliste;D:/Python_Projekte/Kurse/Dateien/fondsliste_20231220114221.txt
20231220170555;nummer;20231220170555
20231220170555;isin;LU1883320480
20231220170555;environment;produktion
20231220170555;url_environment;https://fsl-framework.factsheetslive.com/fslmanager
20231220170555;file_Fondsliste;D:/Python_Projekte/Kurse/Dateien/fondsliste_20231220114221.txt
20231220170654;nummer;20231220170654
20231220170654;isin;LU2716752592
20231220170654;environment;produktion
20231220170654;url_environment;https://fsl-framework.factsheetslive.com/fslmanager
20231220170654;file_Fondsliste;D:/Python_Projekte/Kurse/Dateien/fondsliste_20231220114221.txt
20231220170748;nummer;20231220170748
20231220170748;isin;LU2352586924
20231220170748;environment;produktion
20231220170748;url_environment;https://fsl-framework.factsheetslive.com/fslmanager
20231220170748;file_Fondsliste;D:/Python_Projekte/Kurse/Dateien/fondsliste_20231220114221.txt
20231220170937;nummer;20231220170937
20231220170937;isin;LU2721526247
20231220170937;environment;produktion
20231220170937;url_environment;https://fsl-framework.factsheetslive.com/fslmanager
20231220170937;file_Fondsliste;D:/Python_Projekte/Kurse/Dateien/fondsliste_20231220114221.txt
20231220171004;nummer;20231220171004
20231220171004;isin;IE00BQN1K901
20231220171004;environment;produktion
20231220171004;url_environment;https://fsl-framework.factsheetslive.com/fslmanager
20231220171004;file_Fondsliste;D:/Python_Projekte/Kurse/Dateien/fondsliste_20231220114221.txt
20231220171112;nummer;20231220171112
20231220171112;isin;LU2278487157
20231220171112;environment;produktion
20231220171112;url_environment;https://fsl-framework.factsheetslive.com/fslmanager
20231220171112;file_Fondsliste;D:/Python_Projekte/Kurse/Dateien/fondsliste_20231220114221.txt
20231220171205;nummer;20231220171205
20231220171205;isin;LU1675428244
20231220171205;environment;produktion
20231220171205;url_environment;https://fsl-framework.factsheetslive.com/fslmanager
20231220171205;file_Fondsliste;D:/Python_Projekte/Kurse/Dateien/fondsliste_20231220114221.txt
20231220171405;nummer;20231220171405
20231220171405;isin;LU2278487157
20231220171405;environment;produktion
20231220171405;url_environment;https://fsl-framework.factsheetslive.com/fslmanager
20231220171405;file_Fondsliste;D:/Python_Projekte/Kurse/Dateien/fondsliste_20231220114221.txt
20231220171427;nummer;20231220171427
20231220171427;isin;LU1675428244
20231220171427;environment;produktion
20231220171427;url_environment;https://fsl-framework.factsheetslive.com/fslmanager
20231220171427;file_Fondsliste;D:/Python_Projekte/Kurse/Dateien/fondsliste_20231220114221.txt
20231220171511;nummer;20231220171511
20231220171511;isin;LU2721526247
20231220171511;environment;produktion
20231220171511;url_environment;https://fsl-framework.factsheetslive.com/fslmanager
20231220171511;file_Fondsliste;D:/Python_Projekte/Kurse/Dateien/fondsliste_20231220114221.txt
20231220171531;nummer;20231220171531
20231220171531;isin;LU2352586924
20231220171531;environment;produktion
20231220171531;url_environment;https://fsl-framework.factsheetslive.com/fslmanager
20231220171531;file_Fondsliste;D:/Python_Projekte/Kurse/Dateien/fondsliste_20231220114221.txt
20231220171554;nummer;20231220171554
20231220171554;isin;LU2716752592
20231220171554;environment;produktion
20231220171554;url_environment;https://fsl-framework.factsheetslive.com/fslmanager
20231220171554;file_Fondsliste;D:/Python_Projekte/Kurse/Dateien/fondsliste_20231220114221.txt
20231220171958;nummer;20231220171958
20231220171958;isin;LU0616128319
20231220171958;environment;produktion
20231220171958;url_environment;https://fsl-framework.factsheetslive.com/fslmanager
20231220171958;file_Fondsliste;D:/Python_Projekte/Kurse/Dateien/fondsliste_20231220114221.txt
20231220172209;nummer;20231220172209
20231220172209;isin;LU0616128319
20231220172209;environment;produktion
20231220172209;url_environment;https://fsl-framework.factsheetslive.com/fslmanager
20231220172209;file_Fondsliste;D:/Python_Projekte/Kurse/Dateien/fondsliste_20231220114221.txt
20231220172435;nummer;20231220172435
20231220172435;isin;LU0616128319
20231220172435;environment;produktion
20231220172435;url_environment;https://fsl-framework.factsheetslive.com/fslmanager
20231220172435;file_Fondsliste;D:/Python_Projekte/Kurse/Dateien/fondsliste_20231220114221.txt
20231220172931;nummer;20231220172931
20231220172931;isin;LU0616128319
20231220172931;environment;produktion
20231220172931;url_environment;https://fsl-framework.factsheetslive.com/fslmanager
20231220172931;file_Fondsliste;D:/Python_Projekte/Kurse/Dateien/fondsliste_20231220114221.txt
20231220173229;nummer;20231220173229
20231220173229;isin;LU0616128319
20231220173229;environment;produktion
20231220173229;url_environment;https://fsl-framework.factsheetslive.com/fslmanager
20231220173229;file_Fondsliste;D:/Python_Projekte/Kurse/Dateien/fondsliste_20231220114221.txt
20231220173509;nummer;20231220173509
20231220173509;isin;DE0005933956
20231220173509;environment;produktion
20231220173509;url_environment;https://fsl-framework.factsheetslive.com/fslmanager
20231220173509;file_Fondsliste;D:/Python_Projekte/Kurse/Dateien/fondsliste_20231220114221.txt
20231220173645;nummer;20231220173645
20231220173645;isin;LU0323578657
20231220173645;environment;produktion
20231220173645;url_environment;https://fsl-framework.factsheetslive.com/fslmanager
20231220173645;file_Fondsliste;D:/Python_Projekte/Kurse/Dateien/fondsliste_20231220114221.txt
20231220173759;nummer;20231220173759
20231220173759;isin;LU0172157280
20231220173759;environment;produktion
20231220173759;url_environment;https://fsl-framework.factsheetslive.com/fslmanager
20231220173759;file_Fondsliste;D:/Python_Projekte/Kurse/Dateien/fondsliste_20231220114221.txt
20231220174110;nummer;20231220174110
20231220174110;isin;LU1883318740
20231220174110;environment;produktion
20231220174110;url_environment;https://fsl-framework.factsheetslive.com/fslmanager
20231220174110;file_Fondsliste;D:/Python_Projekte/Kurse/Dateien/fondsliste_20231220114221.txt
20231220174140;nummer;20231220174140
20231220174140;isin;DE0009779736
20231220174140;environment;produktion
20231220174140;url_environment;https://fsl-framework.factsheetslive.com/fslmanager
20231220174140;file_Fondsliste;D:/Python_Projekte/Kurse/Dateien/fondsliste_20231220114221.txt
20231220174212;nummer;20231220174212
20231220174212;isin;DE000A3E3YJ2
20231220174212;environment;produktion
20231220174212;url_environment;https://fsl-framework.factsheetslive.com/fslmanager
20231220174212;file_Fondsliste;D:/Python_Projekte/Kurse/Dateien/fondsliste_20231220114221.txt
20231220175616;nummer;20231220175616
20231220175616;isin;DE000A0D8Q07
20231220175616;environment;produktion
20231220175616;url_environment;https://fsl-framework.factsheetslive.com/fslmanager
20231220175616;file_Fondsliste;D:/Python_Projekte/Kurse/Dateien/fondsliste_20231220114221.txt
20231220175741;nummer;20231220175741
20231220175741;isin;LU2278487157
20231220175741;environment;produktion
20231220175741;url_environment;https://fsl-framework.factsheetslive.com/fslmanager
20231220175741;file_Fondsliste;D:/Python_Projekte/Kurse/Dateien/fondsliste_20231220114221.txt
20231220175827;nummer;20231220175827
20231220175827;isin;LU1675428244
20231220175827;environment;produktion
20231220175827;url_environment;https://fsl-framework.factsheetslive.com/fslmanager
20231220175827;file_Fondsliste;D:/Python_Projekte/Kurse/Dateien/fondsliste_20231220114221.txt
20231220175905;nummer;20231220175905
20231220175905;isin;LU2721526247
20231220175905;environment;produktion
20231220175905;url_environment;https://fsl-framework.factsheetslive.com/fslmanager
20231220175905;file_Fondsliste;D:/Python_Projekte/Kurse/Dateien/fondsliste_20231220114221.txt
20231220175936;nummer;20231220175936
20231220175936;isin;LU2352586924
20231220175936;environment;produktion
20231220175936;url_environment;https://fsl-framework.factsheetslive.com/fslmanager
20231220175936;file_Fondsliste;D:/Python_Projekte/Kurse/Dateien/fondsliste_20231220114221.txt
20231220180149;nummer;20231220180149
20231220180149;isin;LU0316494805
20231220180149;environment;produktion
20231220180149;url_environment;https://fsl-framework.factsheetslive.com/fslmanager
20231220180149;file_Fondsliste;D:/Python_Projekte/Kurse/Dateien/fondsliste_20231220114221.txt
20231220180429;nummer;20231220180429
20231220180429;isin;LU0327386305
20231220180429;environment;produktion
20231220180429;url_environment;https://fsl-framework.factsheetslive.com/fslmanager
20231220180429;file_Fondsliste;D:/Python_Projekte/Kurse/Dateien/fondsliste_20231220114221.txt
20231221150551;nummer;20231221150551
20231221150551;isin;LU1883320480
20231221150551;environment;produktion
20231221150551;url_environment;https://fsl-framework.factsheetslive.com/fslmanager
20231221150551;file_Fondsliste;D:/Python_Projekte/Kurse/Dateien/fondsliste_20231220114221.txt
20231226094859;nummer;20231226094859
20231226094859;isin;DE000A0NAU78
20231226094859;environment;produktion
20231226094859;url_environment;https://fsl-framework.factsheetslive.com/fslmanager
20231226094859;file_Fondsliste;D:/Python_Projekte/Kurse/Dateien/fondsliste_20231220114221.txt
20231226180748;nummer;20231226180748
20231226180748;isin;DE000A0NAU78
20231226180748;environment;produktion
20231226180748;url_environment;https://fsl-framework.factsheetslive.com/fslmanager
20231226180748;file_Fondsliste;D:/Python_Projekte/Kurse/Dateien/fondsliste_20231220114221.txt
20231226185126;nummer;20231226185126
20231226185126;isin;DE000A0NAU78
20231226185126;environment;produktion
20231226185126;url_environment;https://fsl-framework.factsheetslive.com/fslmanager
20231226185126;file_Fondsliste;D:/Python_Projekte/Kurse/Dateien/fondsliste_20231220114221.txt
